"Time","Safari Park-LHR • AQI","Safari Park-LHR • Dominant Pollutant","Kahna Nau Hospital-LHR • AQI","Kahna Nau Hospital-LHR • Dominant Pollutant","PKLI-LHR • AQI","PKLI-LHR • Dominant Pollutant","FMDRC-LHR • AQI","FMDRC-LHR • Dominant Pollutant","UET-LHR • AQI","UET-LHR • Dominant Pollutant","LWMC-LHR • AQI","LWMC-LHR • Dominant Pollutant","Punjab University-LHR • AQI","Punjab University-LHR • Dominant Pollutant","Govt. Teaching Hospital Shahdara-LHR • AQI","Govt. Teaching Hospital Shahdara-LHR • Dominant Pollutant","DHQ Sheikhupura • AQI","DHQ Sheikhupura • Dominant Pollutant","DC Office Kasur • AQI","DC Office Kasur • Dominant Pollutant","DC Office Narowal • AQI","DC Office Narowal • Dominant Pollutant","DC Office Hafizabad • AQI","DC Office Hafizabad • Dominant Pollutant","DC Office Gujrat • AQI","DC Office Gujrat • Dominant Pollutant","DC Office Chakwal • AQI","DC Office Chakwal • Dominant Pollutant","DC Office Khanewal • AQI","DC Office Khanewal • Dominant Pollutant","DC Office Muzaffargarh • AQI","DC Office Muzaffargarh • Dominant Pollutant","DC Office Rahim Yar Khan • AQI","DC Office Rahim Yar Khan • Dominant Pollutant","Gulberg III Lahore - Mobile 1 • AQI","Gulberg III Lahore - Mobile 1 • Dominant Pollutant","Lathepur LHR - Mobile 2 • AQI","Lathepur LHR - Mobile 2 • Dominant Pollutant","Wagha Border LHR - Mobile 3 • AQI","Wagha Border LHR - Mobile 3 • Dominant Pollutant","Egerton Road - Mobile 4 • AQI","Egerton Road - Mobile 4 • Dominant Pollutant","BHU Jandiala Kalsan LHR - Mobile 5 • AQI","BHU Jandiala Kalsan LHR - Mobile 5 • Dominant Pollutant","DC Office Faisalabad • AQI","DC Office Faisalabad • Dominant Pollutant","GCU Faisalabad • AQI","GCU Faisalabad • Dominant Pollutant","NTU Faisalabad • AQI","NTU Faisalabad • Dominant Pollutant","GCW Gujranwala • AQI","GCW Gujranwala • Dominant Pollutant","DC Office Gujranwala • AQI","DC Office Gujranwala • Dominant Pollutant","BZU Multan • AQI","BZU Multan • Dominant Pollutant","IUB (Baghdad Campus) Bahawalpur • AQI","IUB (Baghdad Campus) Bahawalpur • Dominant Pollutant","DC Office Sargodha • AQI","DC Office Sargodha • Dominant Pollutant","BISE Sargodha • AQI","BISE Sargodha • Dominant Pollutant","DC Office Sialkot • AQI","DC Office Sialkot • Dominant Pollutant","IUB (Khawaja Fareed Campus) Bahawalpur • AQI","IUB (Khawaja Fareed Campus) Bahawalpur • Dominant Pollutant","DC Office DG Khan • AQI","DC Office DG Khan • Dominant Pollutant","DC Office Rawalpindi • AQI","DC Office Rawalpindi • Dominant Pollutant","ARID University Rawalpindi • AQI","ARID University Rawalpindi • Dominant Pollutant","Drug Testing Laboratory Rawalpindi • AQI","Drug Testing Laboratory Rawalpindi • Dominant Pollutant","M. Nawaz Sharif University of Engineering & Technology Multan • AQI","M. Nawaz Sharif University of Engineering & Technology Multan • Dominant Pollutant","Pakpattan • AQI","Pakpattan • Dominant Pollutant","Okara • AQI","Okara • Dominant Pollutant","Sahiwal • AQI","Sahiwal • Dominant Pollutant","Wazirabad • AQI","Wazirabad • Dominant Pollutant","Mandi Bahauddin • AQI","Mandi Bahauddin • Dominant Pollutant","Rajanpur • AQI","Rajanpur • Dominant Pollutant","Vehari • AQI","Vehari • Dominant Pollutant","Jhelum • AQI","Jhelum • Dominant Pollutant","Nankana Sahib • AQI","Nankana Sahib • Dominant Pollutant","Jhang • AQI","Jhang • Dominant Pollutant","Attok • AQI","Attok • Dominant Pollutant","Kot Addu • AQI","Kot Addu • Dominant Pollutant","Bhakkar • AQI","Bhakkar • Dominant Pollutant","Chiniot • AQI","Chiniot • Dominant Pollutant","Talagang • AQI","Talagang • Dominant Pollutant","Khushab • AQI","Khushab • Dominant Pollutant","Mianwali • AQI","Mianwali • Dominant Pollutant","Murree • AQI","Murree • Dominant Pollutant"
"2026-09-29 00:00","169","PM2.5","163","PM2.5","148","PM2.5","141","PM2.5","165","PM2.5","158","PM2.5","152","PM2.5","141","PM2.5","118","PM2.5","107","PM2.5","128","PM2.5","108","PM2.5","81","PM2.5","34","PM2.5","91","PM2.5","114","PM2.5","88","PM2.5","118","PM2.5","137","PM2.5","62","PM2.5","84","PM10","103","PM2.5","196","CO","133","PM2.5","161","PM10","176","PM10","104","PM10","52","O3","24","O3","35","O3","97","PM2.5","95","PM2.5","88","PM2.5","44","O3","99","PM2.5","91","NO2","112","PM2.5","22","O3","154","PM2.5","134","PM2.5","158","PM2.5","121","PM10","118","PM2.5","105","PM2.5","116","PM2.5","124","PM2.5","175","PM10","175","PM10","106","PM2.5","55","PM2.5","67","PM2.5","76","NO2","53","O3","117","PM2.5","123","PM2.5","",""
"2026-09-29 01:00","189","PM2.5","175","PM2.5","123","PM2.5","130","PM2.5","163","PM2.5","163","PM2.5","150","PM2.5","153","PM2.5","129","PM2.5","108","PM2.5","128","PM2.5","116","PM2.5","75","PM2.5","76","PM2.5","96","PM2.5","104","PM2.5","100","PM2.5","126","PM10","117","PM2.5","77","PM2.5","88","PM10","107","PM2.5","179","PM10","169","PM10","205","PM10","125","PM2.5","104","PM2.5","43","O3","89","PM2.5","89","PM10","101","PM2.5","110","PM2.5","89","PM2.5","100","PM2.5","89","PM2.5","98","PM2.5","112","PM2.5","16","NO2","158","PM2.5","137","PM2.5","171","PM2.5","110","PM10","110","PM2.5","99","PM2.5","119","PM2.5","105","PM2.5","129","PM2.5","156","PM2.5","111","PM2.5","61","PM2.5","90","PM2.5","195","PM2.5","43","O3","97","PM2.5","135","PM2.5","",""
"2026-09-29 02:00","185","PM2.5","156","PM2.5","112","PM2.5","120","PM2.5","177","PM2.5","166","PM2.5","129","PM2.5","155","PM2.5","121","PM2.5","105","PM2.5","115","PM2.5","133","PM2.5","93","PM2.5","56","PM2.5","111","PM2.5","96","PM2.5","104","PM2.5","145","PM10","111","PM2.5","81","PM2.5","180","PM2.5","102","PM2.5","164","PM2.5","164","PM2.5","163","PM10","120","PM2.5","110","PM10","56","PM2.5","87","PM2.5","92","PM10","90","PM2.5","112","PM2.5","76","PM2.5","88","PM2.5","113","PM2.5","102","PM2.5","116","PM2.5","0","","158","PM2.5","128","PM2.5","158","PM2.5","87","PM2.5","92","PM2.5","132","PM2.5","128","PM2.5","70","PM2.5","130","PM2.5","145","PM2.5","107","PM2.5","61","PM2.5","97","PM2.5","","","36","O3","68","PM2.5","113","PM2.5","",""
"2026-09-29 03:00","176","PM2.5","133","PM2.5","129","PM2.5","127","PM2.5","264","SO2","164","PM2.5","132","PM2.5","159","PM2.5","125","PM2.5","103","PM2.5","109","PM2.5","130","PM2.5","83","PM2.5","39","PM2.5","110","PM2.5","103","PM2.5","96","PM2.5","157","PM10","108","PM2.5","62","PM2.5","172","PM2.5","119","PM2.5","177","PM2.5","157","PM2.5","156","PM2.5","98","PM2.5","101","PM2.5","61","PM2.5","91","PM2.5","76","PM10","99","PM2.5","104","PM2.5","87","PM2.5","76","PM2.5","108","PM2.5","90","PM2.5","108","PM2.5","0","","160","PM2.5","114","PM2.5","157","PM2.5","81","PM2.5","83","PM2.5","141","PM2.5","127","PM2.5","68","PM2.5","103","PM2.5","152","PM2.5","62","PM2.5","96","PM2.5","102","PM2.5","29","NO2","40","O3","75","PM2.5","99","PM2.5","",""
"2026-09-29 04:00","187","PM2.5","154","PM2.5","147","PM10","122","PM2.5","231","PM10","171","PM2.5","147","PM2.5","161","PM2.5","125","PM2.5","98","PM2.5","110","PM2.5","114","PM2.5","86","PM2.5","28","PM2.5","110","PM2.5","102","PM2.5","93","PM2.5","155","PM10","107","PM2.5","69","PM2.5","191","PM2.5","112","PM2.5","193","PM2.5","158","PM2.5","155","PM2.5","100","PM2.5","87","PM2.5","54","PM2.5","98","PM2.5","67","PM2.5","74","PM2.5","103","PM2.5","92","PM2.5","64","PM2.5","86","PM2.5","89","PM2.5","105","PM2.5","0","","172","PM2.5","112","PM2.5","158","PM2.5","81","PM2.5","72","PM2.5","140","PM2.5","130","PM2.5","66","PM2.5","102","PM2.5","139","PM2.5","58","PM2.5","91","PM2.5","93","PM2.5","25","NO2","41","O3","72","PM2.5","110","PM2.5","",""
"2026-09-29 05:00","197","PM2.5","171","PM2.5","122","PM2.5","121","PM2.5","158","PM2.5","174","PM2.5","156","PM2.5","155","PM2.5","134","PM2.5","98","PM2.5","139","PM2.5","117","PM2.5","77","PM2.5","30","PM2.5","111","PM2.5","106","PM2.5","97","PM2.5","149","PM2.5","84","PM2.5","76","PM10","117","PM10","101","PM2.5","186","PM2.5","164","PM2.5","147","PM2.5","97","PM2.5","89","PM2.5","70","PM2.5","80","PM2.5","59","PM2.5","65","PM2.5","92","PM2.5","102","PM2.5","58","PM2.5","86","PM2.5","72","PM2.5","95","PM2.5","0","","153","PM2.5","106","PM2.5","123","PM2.5","137","PM10","74","PM2.5","143","PM2.5","145","PM2.5","84","PM2.5","112","PM2.5","133","PM2.5","64","PM2.5","74","PM2.5","96","PM2.5","138","PM2.5","54","O3","67","PM2.5","97","PM2.5","",""
"2026-09-29 06:00","216","PM2.5","136","PM2.5","148","PM2.5","163","PM2.5","142","PM2.5","193","PM2.5","161","PM2.5","116","PM2.5","119","PM2.5","116","PM2.5","159","PM2.5","112","PM2.5","65","PM2.5","27","PM2.5","113","PM2.5","16","CO","105","PM2.5","149","PM2.5","66","PM2.5","77","PM2.5","88","PM10","104","PM2.5","176","PM2.5","163","PM2.5","137","PM2.5","85","PM2.5","82","PM2.5","61","PM2.5","89","PM2.5","48","PM10","64","PM2.5","91","PM2.5","108","PM2.5","52","O3","65","PM2.5","71","PM2.5","90","PM2.5","0","","146","PM2.5","106","PM2.5","153","PM2.5","73","PM2.5","59","PM2.5","130","PM2.5","153","PM2.5","69","PM2.5","139","PM10","130","PM2.5","86","PM2.5","86","PM2.5","115","PM2.5","125","PM2.5","52","PM2.5","51","PM2.5","86","PM2.5","",""
"2026-09-29 07:00","190","PM2.5","188","PM2.5","169","PM2.5","165","PM2.5","113","PM2.5","182","PM2.5","34","NO2","113","PM2.5","140","PM2.5","174","PM2.5","143","PM2.5","114","PM2.5","73","PM2.5","30","PM2.5","115","PM2.5","124","PM2.5","104","PM2.5","129","PM2.5","53","PM10","83","PM2.5","104","PM2.5","129","PM2.5","176","PM2.5","169","PM2.5","141","PM2.5","101","PM2.5","84","PM2.5","63","PM2.5","105","PM2.5","56","PM10","80","PM2.5","107","PM10","100","PM2.5","61","PM10","87","PM10","77","PM2.5","105","PM2.5","30","NO2","156","PM2.5","12","SO2","138","PM2.5","145","PM10","99","PM2.5","127","PM2.5","149","PM2.5","74","PM2.5","127","PM2.5","142","PM2.5","86","PM2.5","135","PM2.5","137","PM2.5","132","PM2.5","54","O3","35","NO2","102","PM2.5","",""
"2026-09-29 08:00","192","PM2.5","173","PM2.5","171","PM2.5","185","PM2.5","133","PM2.5","500","PM10","78","PM10","136","PM2.5","115","PM2.5","204","PM2.5","136","PM2.5","127","PM2.5","104","PM2.5","42","PM2.5","124","PM2.5","103","PM10","110","PM2.5","96","PM10","62","PM10","109","PM2.5","139","PM2.5","122","PM2.5","174","PM2.5","173","PM2.5","131","PM2.5","94","PM2.5","106","PM2.5","71","PM2.5","113","PM2.5","108","PM10","102","PM2.5","105","PM2.5","105","PM2.5","103","PM2.5","70","PM2.5","86","PM2.5","133","PM2.5","0","","154","PM2.5","109","PM2.5","131","PM2.5","70","PM2.5","113","PM2.5","126","PM2.5","165","PM2.5","83","PM2.5","123","PM2.5","151","PM2.5","115","PM2.5","131","PM2.5","137","PM2.5","13","NO2","84","O3","108","PM2.5","136","PM2.5","",""
"2026-09-29 09:00","180","PM2.5","175","PM2.5","169","PM2.5","163","PM2.5","135","PM2.5","124","PM10","76","PM10","145","PM2.5","105","PM2.5","232","PM2.5","154","PM2.5","115","PM2.5","84","PM2.5","68","PM2.5","136","PM2.5","12","CO","135","PM2.5","92","PM2.5","103","PM2.5","67","PM2.5","116","PM2.5","99","PM2.5","232","SO2","171","PM2.5","154","PM10","79","PM10","94","PM2.5","72","PM2.5","111","PM2.5","92","PM2.5","91","PM2.5","93","PM2.5","112","PM2.5","106","PM2.5","90","PM2.5","82","NO2","119","PM2.5","168","PM2.5","141","PM2.5","90","PM2.5","120","PM2.5","53","PM2.5","82","O3","102","PM2.5","161","PM2.5","71","PM2.5","104","PM2.5","112","PM2.5","148","PM2.5","132","PM2.5","93","PM2.5","12","NO2","97","O3","81","PM2.5","100","PM2.5","119","O3"
"2026-09-29 10:00","172","PM2.5","187","PM2.5","158","PM2.5","136","PM2.5","113","PM2.5","135","PM2.5","72","PM10","147","PM2.5","95","PM2.5","223","PM2.5","155","PM2.5","104","PM2.5","78","PM2.5","55","PM2.5","123","PM2.5","121","PM2.5","116","PM2.5","95","PM2.5","69","O3","71","O3","107","PM2.5","67","PM2.5","99","SO2","162","PM2.5","142","PM2.5","101","PM10","76","PM2.5","64","O3","115","PM10","71","PM2.5","80","PM2.5","96","PM2.5","119","PM10","102","PM2.5","101","PM2.5","123","PM10","118","PM2.5","163","PM2.5","123","PM2.5","94","PM2.5","106","PM2.5","49","O3","102","O3","102","PM2.5","136","PM2.5","68","PM2.5","63","PM10","82","PM2.5","155","PM2.5","92","PM2.5","85","O3","102","PM2.5","113","O3","71","O3","81","PM2.5","117","O3"
"2026-09-29 11:00","157","PM2.5","156","PM2.5","158","PM2.5","137","PM2.5","135","PM2.5","134","PM2.5","73","PM10","103","PM2.5","69","O3","182","PM2.5","156","PM2.5","82","PM2.5","70","PM2.5","55","PM2.5","113","PM2.5","99","PM2.5","111","PM2.5","91","O3","77","O3","83","O3","102","PM2.5","58","O3","84","O3","85","O3","125","SO2","90","PM10","68","O3","76","O3","144","PM10","83","O3","84","O3","84","PM2.5","125","PM10","76","O3","94","PM2.5","104","PM2.5","96","PM2.5","156","PM2.5","106","PM2.5","101","PM2.5","95","PM2.5","61","O3","113","O3","82","PM2.5","120","PM2.5","77","PM2.5","67","O3","62","O3","154","PM2.5","82","PM2.5","90","O3","72","PM2.5","126","O3","79","O3","86","PM2.5","115","O3"
"2026-09-29 12:00","133","PM2.5","115","PM2.5","124","PM2.5","128","PM2.5","104","PM2.5","121","PM2.5","88","PM2.5","77","PM2.5","75","O3","152","PM2.5","125","PM2.5","57","PM2.5","78","PM2.5","42","PM2.5","99","PM2.5","107","PM2.5","115","PM2.5","76","O3","83","O3","92","O3","108","PM2.5","81","O3","85","O3","115","PM2.5","118","SO2","89","O3","72","O3","86","O3","148","PM10","95","O3","94","O3","81","O3","121","PM10","85","O3","76","PM2.5","92","O3","105","PM2.5","123","PM2.5","118","PM10","76","PM2.5","101","PM2.5","75","O3","99","O3","98","PM2.5","112","PM2.5","72","PM2.5","113","PM10","64","O3","129","PM2.5","78","PM2.5","92","O3","62","PM2.5","134","O3","83","O3","35","PM2.5","115","O3"
"2026-09-29 13:00","105","PM2.5","104","PM2.5","120","PM2.5","137","PM2.5","139","PM2.5","90","PM2.5","85","O3","105","PM2.5","73","O3","108","PM2.5","103","PM2.5","53","PM2.5","64","PM2.5","49","PM2.5","97","PM2.5","111","PM2.5","126","PM10","85","O3","87","O3","89","O3","110","PM2.5","83","O3","128","PM2.5","104","PM2.5","112","PM2.5","93","O3","75","O3","91","O3","170","PM10","94","O3","93","O3","87","O3","133","PM10","92","O3","91","PM2.5","89","PM2.5","121","PM2.5","124","PM2.5","96","PM2.5","65","PM2.5","113","PM2.5","72","PM10","107","O3","108","PM2.5","113","PM2.5","72","PM2.5","113","PM10","67","O3","88","PM2.5","87","PM2.5","91","O3","60","PM2.5","139","O3","90","O3","39","PM2.5","114","O3"
"2026-09-29 14:00","86","PM2.5","108","O3","106","PM2.5","145","PM2.5","143","PM2.5","95","PM2.5","87","O3","108","PM2.5","71","O3","111","PM2.5","87","PM2.5","39","PM2.5","54","PM2.5","55","PM2.5","106","PM2.5","121","PM2.5","136","PM10","83","O3","92","O3","90","O3","102","PM2.5","85","O3","113","PM2.5","87","O3","106","PM2.5","95","O3","80","O3","112","PM10","167","PM10","94","O3","93","O3","95","O3","136","PM10","96","PM10","93","O3","67","PM2.5","105","PM2.5","117","PM2.5","10","SO2","82","PM2.5","119","PM2.5","84","PM10","126","O3","118","PM2.5","119","PM2.5","64","PM2.5","95","PM10","73","O3","73","PM2.5","82","PM2.5","97","O3","50","PM2.5","144","O3","92","O3","32","PM2.5","125","O3"
"2026-09-29 15:00","119","PM2.5","107","O3","90","O3","164","PM10","113","PM2.5","110","PM10","89","O3","99","PM10","72","O3","87","PM2.5","91","PM2.5","51","PM10","51","PM2.5","56","PM2.5","111","PM2.5","130","PM2.5","132","PM10","83","O3","94","O3","93","O3","87","O3","88","O3","95","PM2.5","86","O3","92","PM2.5","97","O3","81","O3","129","PM10","161","PM10","96","O3","93","O3","108","O3","134","PM10","103","PM10","97","O3","69","PM2.5","99","PM2.5","123","PM10","10","SO2","103","PM2.5","115","PM2.5","106","PM10","134","O3","120","PM2.5","129","PM2.5","62","PM2.5","108","PM10","74","O3","69","PM2.5","89","PM2.5","91","O3","39","PM2.5","145","O3","94","O3","32","PM2.5","150","O3"
"2026-09-29 16:00","79","PM2.5","105","O3","85","O3","158","PM10","89","PM10","102","PM10","90","O3","93","PM10","76","O3","95","PM2.5","74","PM2.5","57","PM2.5","44","PM2.5","56","PM2.5","118","PM2.5","144","PM2.5","139","PM10","83","O3","94","O3","93","O3","93","PM2.5","90","O3","127","PM2.5","85","O3","87","PM2.5","102","O3","82","O3","130","PM10","158","PM10","95","O3","91","O3","107","O3","135","PM10","114","PM10","93","O3","80","O3","93","PM2.5","122","PM10","112","PM2.5","12","O3","106","PM2.5","111","PM10","126","O3","130","PM2.5","133","PM2.5","63","PM2.5","88","PM10","75","O3","91","PM2.5","100","PM2.5","77","O3","56","PM2.5","139","O3","90","O3","35","PM2.5","154","O3"
"2026-09-29 17:00","126","PM2.5","103","O3","81","O3","151","PM10","88","PM2.5","84","PM10","87","O3","78","PM10","74","O3","83","PM2.5","70","PM2.5","61","PM2.5","64","PM2.5","51","PM2.5","127","PM10","157","PM2.5","138","PM10","79","O3","90","O3","88","O3","85","PM2.5","77","O3","108","PM2.5","79","O3","73","PM10","106","O3","85","O3","130","PM10","153","PM10","92","O3","88","O3","100","O3","130","PM10","119","PM10","88","O3","81","O3","102","O3","129","PM2.5","124","PM2.5","12","SO2","115","PM2.5","122","PM10","94","O3","138","PM2.5","119","PM2.5","71","PM2.5","117","PM10","80","PM2.5","98","PM2.5","107","PM10","70","PM2.5","57","PM2.5","122","O3","76","O3","43","PM2.5","134","O3"
"2026-09-29 18:00","96","PM2.5","91","O3","76","O3","148","PM10","78","PM2.5","89","PM10","82","O3","88","PM2.5","70","PM10","93","PM2.5","75","PM2.5","76","PM10","74","PM2.5","50","PM2.5","121","PM10","188","PM10","142","PM10","96","NO2","72","O3","106","PM10","90","NO2","57","O3","88","PM2.5","75","PM2.5","87","PM10","102","O3","81","O3","130","PM10","151","PM10","79","O3","91","PM10","90","O3","133","PM10","123","PM10","83","O3","88","PM2.5","105","PM2.5","139","PM10","126","PM2.5","98","PM2.5","134","PM10","139","PM10","70","O3","150","PM10","131","PM2.5","103","PM2.5","145","PM10","108","PM10","112","PM2.5","128","PM2.5","89","PM10","99","PM2.5","63","NO2","65","PM10","61","PM2.5","133","O3"
"2026-09-29 19:00","132","PM2.5","115","PM2.5","77","PM2.5","170","PM10","93","PM2.5","104","PM2.5","80","PM2.5","90","PM2.5","100","PM2.5","123","PM2.5","86","PM2.5","74","PM2.5","90","PM2.5","66","PM2.5","116","PM10","168","PM10","145","PM10","130","NO2","70","PM10","108","PM10","105","PM10","64","PM10","82","PM2.5","88","PM10","100","PM10","86","O3","106","PM10","146","PM10","154","PM10","103","PM10","112","PM10","81","PM10","147","PM10","109","PM10","88","PM10","121","PM10","121","PM2.5","154","PM10","137","PM2.5","111","PM2.5","156","PM2.5","138","PM10","108","PM2.5","163","PM10","151","PM2.5","126","PM2.5","159","PM10","116","PM10","133","PM2.5","151","PM2.5","119","PM10","119","PM2.5","53","O3","82","PM2.5","88","NO2","106","O3"
"2026-09-29 20:00","153","PM2.5","153","PM2.5","102","PM2.5","130","PM10","114","PM2.5","153","PM2.5","104","PM2.5","127","PM2.5","124","PM2.5","176","PM2.5","","","102","PM2.5","122","PM2.5","66","PM2.5","119","PM10","179","PM10","167","PM10","139","NO2","101","PM10","93","PM10","105","PM2.5","76","PM10","86","PM10","122","PM10","111","PM10","89","PM10","95","PM10","167","PM10","162","PM10","78","PM10","77","PM10","79","PM10","140","PM10","140","PM10","128","NO2","192","PM10","141","PM2.5","158","PM10","156","PM2.5","135","PM2.5","189","PM10","134","PM2.5","119","PM2.5","165","PM2.5","165","PM2.5","141","PM2.5","175","PM10","112","PM10","125","PM2.5","177","PM2.5","157","PM10","24","NO2","104","PM2.5","77","PM2.5","116","NO2","128","O3"
"2026-09-29 21:00","158","PM2.5","166","PM2.5","114","PM2.5","118","PM2.5","153","PM2.5","152","PM2.5","123","PM2.5","136","PM2.5","167","PM10","187","PM2.5","","","117","PM2.5","117","PM2.5","70","PM2.5","136","PM2.5","177","PM10","178","PM10","147","NO2","128","PM10","107","PM10","121","NO2","106","PM2.5","108","PM10","114","PM10","132","PM10","107","PM10","110","PM10","198","PM10","150","PM10","68","PM10","79","PM10","86","PM2.5","137","PM10","146","PM10","154","PM10","152","NO2","126","PM2.5","159","PM2.5","168","PM2.5","152","PM2.5","193","PM10","149","PM2.5","151","PM2.5","164","PM10","164","PM2.5","155","PM2.5","156","PM10","105","PM10","148","PM2.5","223","PM2.5","143","PM2.5","19","NO2","76","PM2.5","105","PM2.5","165","PM2.5","125","O3"
"2026-09-29 22:00","167","PM2.5","169","PM2.5","132","PM2.5","166","PM2.5","148","PM2.5","173","PM2.5","134","PM2.5","129","PM2.5","150","PM2.5","195","PM2.5","","","123","PM2.5","108","PM2.5","84","PM2.5","154","PM2.5","177","PM10","189","PM10","140","NO2","134","PM10","128","PM10","138","CO","110","PM2.5","146","PM10","121","PM2.5","183","PM10","111","PM10","107","PM10","223","PM10","133","PM2.5","72","PM10","78","PM10","76","PM2.5","126","PM2.5","141","PM10","164","PM10","121","PM2.5","128","PM2.5","164","PM2.5","172","PM2.5","20","CO","193","PM10","116","PM2.5","123","PM2.5","146","PM2.5","166","PM2.5","138","PM2.5","145","PM10","118","PM2.5","150","PM2.5","185","PM2.5","143","PM2.5","156","PM2.5","86","PM2.5","104","PM2.5","144","PM2.5","130","O3"
"2026-09-29 23:00","169","PM2.5","166","PM2.5","159","PM2.5","346","PM10","232","CO","151","PM2.5","161","PM2.5","130","PM2.5","128","PM2.5","211","PM2.5","","","116","PM2.5","100","PM2.5","83","PM2.5","164","PM2.5","178","PM2.5","211","PM10","155","PM10","102","PM10","43","NO2","130","CO","121","PM2.5","139","PM10","136","PM2.5","243","PM10","103","PM2.5","105","PM2.5","194","PM10","132","PM10","72","PM10","93","PM2.5","84","PM2.5","128","PM2.5","162","PM10","138","PM10","113","PM2.5","139","PM2.5","161","PM2.5","167","PM2.5","20","CO","229","PM10","77","PM2.5","112","PM2.5","157","PM2.5","160","PM2.5","138","PM2.5","149","PM2.5","122","PM2.5","151","PM2.5","184","PM2.5","145","PM2.5","151","PM2.5","80","PM2.5","97","PM2.5","127","PM2.5","128","O3"
"","","","","","","","","","","","","","","","","","","","","","","","","","","","","","","","","","","","","","","","","","","","","","","","","","","","","","","","","","","","","","","","","","","","","","","","","","","","","","","","","","","","","","","","","","","","","","","","","","","","","","","","","","","","","","","","",""
"Minimum","79","","91","","76","","118","","78","","84","","34","","77","","69","","83","","70","","39","","44","","27","","91","","12","","88","","76","","53","","43","","84","","57","","82","","75","","73","","79","","68","","43","","24","","35","","64","","76","","76","","44","","65","","67","","90","","0","","10","","12","","95","","49","","59","","82","","112","","62","","63","","62","","58","","55","","67","","12","","36","","35","","32","","106",""
"Date of minimum","2026-09-29 16:00","","2026-09-29 18:00","","2026-09-29 18:00","","2026-09-29 21:00","","2026-09-29 18:00","","2026-09-29 17:00","","2026-09-29 07:00","","2026-09-29 12:00","","2026-09-29 11:00","","2026-09-29 17:00","","2026-09-29 17:00","","2026-09-29 14:00","","2026-09-29 16:00","","2026-09-29 06:00","","2026-09-29 00:00","","2026-09-29 09:00","","2026-09-29 00:00","","2026-09-29 12:00","","2026-09-29 07:00","","2026-09-29 23:00","","2026-09-29 00:00","","2026-09-29 18:00","","2026-09-29 19:00","","2026-09-29 18:00","","2026-09-29 17:00","","2026-09-29 09:00","","2026-09-29 11:00","","2026-09-29 01:00","","2026-09-29 00:00","","2026-09-29 00:00","","2026-09-29 06:00","","2026-09-29 22:00","","2026-09-29 02:00","","2026-09-29 00:00","","2026-09-29 06:00","","2026-09-29 14:00","","2026-09-29 06:00","","2026-09-29 02:00","","2026-09-29 14:00","","2026-09-29 07:00","","2026-09-29 11:00","","2026-09-29 10:00","","2026-09-29 06:00","","2026-09-29 11:00","","2026-09-29 12:00","","2026-09-29 15:00","","2026-09-29 10:00","","2026-09-29 11:00","","2026-09-29 04:00","","2026-09-29 00:00","","2026-09-29 00:00","","2026-09-29 09:00","","2026-09-29 02:00","","2026-09-29 07:00","","2026-09-29 14:00","","2026-09-29 19:00",""
"Maximum","216","","188","","171","","346","","264","","500","","161","","161","","167","","232","","159","","133","","122","","84","","164","","188","","211","","157","","137","","128","","191","","129","","232","","173","","243","","176","","110","","223","","170","","108","","112","","112","","147","","162","","164","","192","","141","","168","","172","","152","","229","","149","","151","","165","","166","","155","","175","","175","","155","","223","","157","","195","","145","","117","","165","","154",""
"Date of maximum","2026-09-29 06:00","","2026-09-29 07:00","","2026-09-29 08:00","","2026-09-29 23:00","","2026-09-29 03:00","","2026-09-29 08:00","","2026-09-29 06:00","","2026-09-29 04:00","","2026-09-29 21:00","","2026-09-29 09:00","","2026-09-29 06:00","","2026-09-29 02:00","","2026-09-29 20:00","","2026-09-29 22:00","","2026-09-29 23:00","","2026-09-29 18:00","","2026-09-29 23:00","","2026-09-29 03:00","","2026-09-29 00:00","","2026-09-29 22:00","","2026-09-29 04:00","","2026-09-29 07:00","","2026-09-29 09:00","","2026-09-29 08:00","","2026-09-29 23:00","","2026-09-29 00:00","","2026-09-29 02:00","","2026-09-29 22:00","","2026-09-29 13:00","","2026-09-29 08:00","","2026-09-29 19:00","","2026-09-29 02:00","","2026-09-29 19:00","","2026-09-29 23:00","","2026-09-29 22:00","","2026-09-29 20:00","","2026-09-29 20:00","","2026-09-29 09:00","","2026-09-29 04:00","","2026-09-29 21:00","","2026-09-29 23:00","","2026-09-29 21:00","","2026-09-29 21:00","","2026-09-29 20:00","","2026-09-29 22:00","","2026-09-29 21:00","","2026-09-29 00:00","","2026-09-29 00:00","","2026-09-29 10:00","","2026-09-29 21:00","","2026-09-29 20:00","","2026-09-29 01:00","","2026-09-29 15:00","","2026-09-29 00:00","","2026-09-29 21:00","","2026-09-29 16:00",""
"Average","155.542","","144.542","","125.833","","152.958","","142.625","","153.667","","107.083","","122.667","","107.292","","140.458","","117.15","","95.75","","80.625","","52.833","","117.542","","122.375","","128.208","","116.583","","93.375","","85.292","","115.083","","94.208","","139.208","","128.333","","135.875","","101.917","","91","","103.292","","124.375","","79.75","","87.875","","94.417","","116.792","","98.333","","99.208","","97.917","","112.25","","92.833","","132.375","","88.708","","142.958","","99.625","","103.583","","128.583","","137.958","","90.167","","122.375","","112.208","","109.125","","111.958","","104.833","","78.739","","86.583","","82.333","","91.042","","126.2",""
